-- phpMyAdmin SQL Dump
-- version 4.9.1
-- https://www.phpmyadmin.net/
--
-- Máy chủ: 127.0.0.1
-- Thời gian đã tạo: Th3 14, 2020 lúc 03:00 PM
-- Phiên bản máy phục vụ: 10.4.8-MariaDB
-- Phiên bản PHP: 7.3.11

SET AUTOCOMMIT = 0;
START TRANSACTION;
SET time_zone = "+00:00";


/*!40101 SET @OLD_CHARACTER_SET_CLIENT=@@CHARACTER_SET_CLIENT */;
/*!40101 SET @OLD_CHARACTER_SET_RESULTS=@@CHARACTER_SET_RESULTS */;
/*!40101 SET @OLD_COLLATION_CONNECTION=@@COLLATION_CONNECTION */;
/*!40101 SET NAMES utf8mb4 */;

--
-- Cơ sở dữ liệu: `mobile_shop`
--

-- --------------------------------------------------------

--
-- Cấu trúc bảng cho bảng `category`
--

CREATE TABLE `category` (
  `cat_id` int(11) NOT NULL,
  `cat_name` varchar(255) NOT NULL
) ;

--
-- Đang đổ dữ liệu cho bảng `category`
--

INSERT INTO `category` (`cat_id`, `cat_name`) VALUES
(6, 'Blackberry'),
(3, 'HTC'),
(1, 'iPhone'),
(4, 'Nokia'),
(7, 'OPPO'),
(2, 'Samsung'),
(5, 'Sony'),
(9, 'Vivo'),
(8, 'Xiaomi');

-- --------------------------------------------------------

--
-- Cấu trúc bảng cho bảng `product`
--

CREATE TABLE `product` (
  `prd_id` int(11) NOT NULL,
  `cat_id` int(11) NOT NULL,
  `prd_name` varchar(255) NOT NULL,
  `prd_image` varchar(255) NOT NULL,
  `prd_price` int(11) UNSIGNED NOT NULL,
  `prd_warranty` varchar(255) NOT NULL,
  `prd_accessories` varchar(255) NOT NULL,
  `prd_new` varchar(255) NOT NULL,
  `prd_promotion` varchar(255) NOT NULL,
  `prd_status` int(1) NOT NULL,
  `prd_featured` int(1) NOT NULL,
  `prd_details` text NOT NULL
) ;

--
-- Đang đổ dữ liệu cho bảng `product`
--

INSERT INTO `product` (`prd_id`, `cat_id`, `prd_name`, `prd_image`, `prd_price`, `prd_warranty`, `prd_accessories`, `prd_new`, `prd_promotion`, `prd_status`, `prd_featured`, `prd_details`) VALUES
(1, 1, 'iPhone 7 Plus 32GB Rose Gold', 'product-1.png', 10000000, '12 Tháng', 'Hộp, sách, sạc, cáp, tai nghe', 'Máy Mới 100%', 'Dán Màn Hình 4D', 1, 1, 'Sản phẩm này chúng tôi đang cập nhật nội dung chi tiết, các bạn có thể qua trực tiếp cửa hàng để xem sản phẩm, vì hàng chúng tôi luôn có sẵn.'),
(2, 1, 'iPhone X 256GB Silver Seedstock', 'product-2.png', 10000000, '12 Tháng', 'Hộp, sách, sạc, cáp, tai nghe', 'Máy Mới 100%', 'Dán Màn Hình 4D', 1, 1, 'Sản phẩm này chúng tôi đang cập nhật nội dung chi tiết, các bạn có thể qua trực tiếp cửa hàng để xem sản phẩm, vì hàng chúng tôi luôn có sẵn.'),
(3, 1, 'iPhone Xr 2 Sim 64GB Yellow', 'product-3.png', 10000000, '12 Tháng', 'Hộp, sách, sạc, cáp, tai nghe', 'Máy Mới 100%', 'Dán Màn Hình 4D', 1, 0, 'Sản phẩm này chúng tôi đang cập nhật nội dung chi tiết, các bạn có thể qua trực tiếp cửa hàng để xem sản phẩm, vì hàng chúng tôi luôn có sẵn.'),
(4, 1, 'iPhone Xr 2 Sim 56GB Red', 'product-4.png', 10000000, '12 Tháng', 'Hộp, sách, sạc, cáp, tai nghe', 'Máy Mới 100%', 'Dán Màn Hình 4D', 1, 0, 'Sản phẩm này chúng tôi đang cập nhật nội dung chi tiết, các bạn có thể qua trực tiếp cửa hàng để xem sản phẩm, vì hàng chúng tôi luôn có sẵn.'),
(5, 1, 'iPhone Xs 256GB Gold', 'product-5.png', 10000000, '12 Tháng', 'Hộp, sách, sạc, cáp, tai nghe', 'Máy Mới 100%', 'Dán Màn Hình 4D', 0, 0, 'Sản phẩm này chúng tôi đang cập nhật nội dung chi tiết, các bạn có thể qua trực tiếp cửa hàng để xem sản phẩm, vì hàng chúng tôi luôn có sẵn.'),
(6, 2, 'Samsung Galaxy A9 2018 Black', 'product-6.png', 10000000, '12 Tháng', 'Hộp, sách, sạc, cáp, tai nghe', 'Máy Mới 100%', 'Dán Màn Hình 4D', 1, 1, 'Sản phẩm này chúng tôi đang cập nhật nội dung chi tiết, các bạn có thể qua trực tiếp cửa hàng để xem sản phẩm, vì hàng chúng tôi luôn có sẵn.'),
(7, 2, 'Samsung Galaxy J2 Core Gold', 'product-7.png', 10000000, '12 Tháng', 'Hộp, sách, sạc, cáp, tai nghe', 'Máy Mới 100%', 'Dán Màn Hình 4D', 1, 1, 'Sản phẩm này chúng tôi đang cập nhật nội dung chi tiết, các bạn có thể qua trực tiếp cửa hàng để xem sản phẩm, vì hàng chúng tôi luôn có sẵn.'),
(8, 2, 'Samsung Galaxy J4 Core Black', 'product-8.png', 10000000, '12 Tháng', 'Hộp, sách, sạc, cáp, tai nghe', 'Máy Mới 100%', 'Dán Màn Hình 4D', 1, 0, 'Sản phẩm này chúng tôi đang cập nhật nội dung chi tiết, các bạn có thể qua trực tiếp cửa hàng để xem sản phẩm, vì hàng chúng tôi luôn có sẵn.'),
(9, 2, 'Samsung Galaxy S9 Plus 64GB Orchid Gray', 'product-9.png', 10000000, '12 Tháng', 'Hộp, sách, sạc, cáp, tai nghe', 'Máy Mới 100%', 'Dán Màn Hình 4D', 1, 0, 'Sản phẩm này chúng tôi đang cập nhật nội dung chi tiết, các bạn có thể qua trực tiếp cửa hàng để xem sản phẩm, vì hàng chúng tôi luôn có sẵn.'),
(10, 2, 'Samsung Galaxy S9 Plus Black 128GB', 'product-10.png', 10000000, '12 Tháng', 'Hộp, sách, sạc, cáp, tai nghe', 'Máy Mới 100%', 'Dán Màn Hình 4D', 0, 0, 'Sản phẩm này chúng tôi đang cập nhật nội dung chi tiết, các bạn có thể qua trực tiếp cửa hàng để xem sản phẩm, vì hàng chúng tôi luôn có sẵn.'),
(11, 4, 'Nokia 1 red', 'product-11.png', 10000000, '12 Tháng', 'Hộp, sách, sạc, cáp, tai nghe', 'Máy Mới 100%', 'Dán Màn Hình 4D', 1, 1, 'Sản phẩm này chúng tôi đang cập nhật nội dung chi tiết, các bạn có thể qua trực tiếp cửa hàng để xem sản phẩm, vì hàng chúng tôi luôn có sẵn.'),
(12, 4, 'Nokia 3.1 Black', 'product-12.png', 10000000, '12 Tháng', 'Hộp, sách, sạc, cáp, tai nghe', 'Máy Mới 100%', 'Dán Màn Hình 4D', 1, 0, 'Sản phẩm này chúng tôi đang cập nhật nội dung chi tiết, các bạn có thể qua trực tiếp cửa hàng để xem sản phẩm, vì hàng chúng tôi luôn có sẵn.'),
(13, 4, 'Nokia 6.1 Plus Blue', 'product-13.png', 10000000, '12 Tháng', 'Hộp, sách, sạc, cáp, tai nghe', 'Máy Mới 100%', 'Dán Màn Hình 4D', 1, 0, 'Sản phẩm này chúng tôi đang cập nhật nội dung chi tiết, các bạn có thể qua trực tiếp cửa hàng để xem sản phẩm, vì hàng chúng tôi luôn có sẵn.'),
(14, 4, 'Nokia 6.1 Plus White', 'product-14.png', 10000000, '12 Tháng', 'Hộp, sách, sạc, cáp, tai nghe', 'Máy Mới 100%', 'Dán Màn Hình 4D', 1, 0, 'Sản phẩm này chúng tôi đang cập nhật nội dung chi tiết, các bạn có thể qua trực tiếp cửa hàng để xem sản phẩm, vì hàng chúng tôi luôn có sẵn.'),
(15, 4, 'Nokia 150 White', 'product-15.png', 10000000, '12 Tháng', 'Hộp, sách, sạc, cáp, tai nghe', 'Máy Mới 100%', 'Dán Màn Hình 4D', 0, 0, 'Sản phẩm này chúng tôi đang cập nhật nội dung chi tiết, các bạn có thể qua trực tiếp cửa hàng để xem sản phẩm, vì hàng chúng tôi luôn có sẵn.'),
(16, 7, 'OPPO A3s 16GB Red', 'product-16.png', 10000000, '12 Tháng', 'Hộp, sách, sạc, cáp, tai nghe', 'Máy Mới 100%', 'Dán Màn Hình 4D', 1, 1, 'Sản phẩm này chúng tôi đang cập nhật nội dung chi tiết, các bạn có thể qua trực tiếp cửa hàng để xem sản phẩm, vì hàng chúng tôi luôn có sẵn.'),
(17, 7, 'OPPO A7 64GB Blue', 'product-17.png', 10000000, '12 Tháng', 'Hộp, sách, sạc, cáp, tai nghe', 'Máy Mới 100%', 'Dán Màn Hình 4D', 1, 0, 'Sản phẩm này chúng tôi đang cập nhật nội dung chi tiết, các bạn có thể qua trực tiếp cửa hàng để xem sản phẩm, vì hàng chúng tôi luôn có sẵn.'),
(18, 7, 'OPPO F7 128GB Black', 'product-18.png', 10000000, '12 Tháng', 'Hộp, sách, sạc, cáp, tai nghe', 'Máy Mới 100%', 'Dán Màn Hình 4D', 1, 0, 'Sản phẩm này chúng tôi đang cập nhật nội dung chi tiết, các bạn có thể qua trực tiếp cửa hàng để xem sản phẩm, vì hàng chúng tôi luôn có sẵn.'),
(19, 7, 'OPPO F9 Sunrise Red', 'product-19.png', 10000000, '12 Tháng', 'Hộp, sách, sạc, cáp, tai nghe', 'Máy Mới 100%', 'Dán Màn Hình 4D', 1, 0, 'Sản phẩm này chúng tôi đang cập nhật nội dung chi tiết, các bạn có thể qua trực tiếp cửa hàng để xem sản phẩm, vì hàng chúng tôi luôn có sẵn.'),
(20, 7, 'OPPO R17 Pro Lavender', 'product-20.png', 10000000, '12 Tháng', 'Hộp, sách, sạc, cáp, tai nghe', 'Máy Mới 100%', 'Dán Màn Hình 4D', 1, 0, 'Sản phẩm này chúng tôi đang cập nhật nội dung chi tiết, các bạn có thể qua trực tiếp cửa hàng để xem sản phẩm, vì hàng chúng tôi luôn có sẵn.'),
(21, 8, 'Xiaomi Mi 8 Pro Black', 'product-21.png', 10000000, '12 Tháng', 'Hộp, sách, sạc, cáp, tai nghe', 'Máy Mới 100%', 'Dán Màn Hình 4D', 1, 1, 'Sản phẩm này chúng tôi đang cập nhật nội dung chi tiết, các bạn có thể qua trực tiếp cửa hàng để xem sản phẩm, vì hàng chúng tôi luôn có sẵn.'),
(22, 8, 'Xiaomi Mi A1 Black', 'product-22.png', 10000000, '12 Tháng', 'Hộp, sách, sạc, cáp, tai nghe', 'Máy Mới 100%', 'Dán Màn Hình 4D', 1, 0, 'Sản phẩm này chúng tôi đang cập nhật nội dung chi tiết, các bạn có thể qua trực tiếp cửa hàng để xem sản phẩm, vì hàng chúng tôi luôn có sẵn.'),
(23, 8, 'Xiaomi Mi A1 Gold', 'product-23.png', 10000000, '12 Tháng', 'Hộp, sách, sạc, cáp, tai nghe', 'Máy Mới 100%', 'Dán Màn Hình 4D', 1, 0, 'Sản phẩm này chúng tôi đang cập nhật nội dung chi tiết, các bạn có thể qua trực tiếp cửa hàng để xem sản phẩm, vì hàng chúng tôi luôn có sẵn.'),
(24, 8, 'Xiaomi Mi Max 3 Ram 4 64GB-Black', 'product-24.png', 10000000, '12 Tháng', 'Hộp, sách, sạc, cáp, tai nghe', 'Máy Mới 100%', 'Dán Màn Hình 4D', 1, 0, 'Sản phẩm này chúng tôi đang cập nhật nội dung chi tiết, các bạn có thể qua trực tiếp cửa hàng để xem sản phẩm, vì hàng chúng tôi luôn có sẵn.'),
(25, 8, 'Xiaomi Redmi Note 6 Pro 32GB Blue', 'product-25', 10000000, '12 Tháng', 'Hộp, sách, sạc, cáp, tai nghe', 'Máy Mới 100%', 'Dán Màn Hình 4D', 0, 0, 'Sản phẩm này chúng tôi đang cập nhật nội dung chi tiết, các bạn có thể qua trực tiếp cửa hàng để xem sản phẩm, vì hàng chúng tôi luôn có sẵn.'),
(26, 9, 'Vivo V7 Gold', 'product-26.png', 10000000, '12 Tháng', 'Hộp, sách, sạc, cáp, tai nghe', 'Máy Mới 100%', 'Dán Màn Hình 4D', 1, 1, 'Sản phẩm này chúng tôi đang cập nhật nội dung chi tiết, các bạn có thể qua trực tiếp cửa hàng để xem sản phẩm, vì hàng chúng tôi luôn có sẵn.'),
(27, 9, 'Vivo V9 Gold', 'product-27.png', 10000000, '12 Tháng', 'Hộp, sách, sạc, cáp, tai nghe', 'Máy Mới 100%', 'Dán Màn Hình 4D', 1, 0, 'Sản phẩm này chúng tôi đang cập nhật nội dung chi tiết, các bạn có thể qua trực tiếp cửa hàng để xem sản phẩm, vì hàng chúng tôi luôn có sẵn.');

-- --------------------------------------------------------

--
-- Cấu trúc bảng cho bảng `comment`
--

CREATE TABLE `comments` (
  `comm_id` int(11) NOT NULL,
  `prd_id` int(11) NOT NULL,
  `comm_name` varchar(255) NOT NULL,
  `comm_mail` varchar(255) NOT NULL,
  `comm_date` datetime NOT NULL,
  `comm_details` text NOT NULL
) ;

--
-- Đang đổ dữ liệu cho bảng `comment`
--

INSERT INTO `comments` (`comm_id`, `prd_id`, `comm_name`, `comm_mail`, `comm_date`, `comm_details`) VALUES
(1, 1, 'Nguyễn Văn A', 'nguyenvana@gmail.com', '2018-12-12 20:59:56', 'Đây thực sự là một sản phẩm tuyệt vời'),
(2, 2, 'Nguyễn Văn A', 'nguyenvana@gmail.com', '2018-12-12 20:59:56', 'Đây thực sự là một sản phẩm tuyệt vời'),
(3, 3, 'Nguyễn Văn A', 'nguyenvana@gmail.com', '2018-12-12 20:59:56', 'Đây thực sự là một sản phẩm tuyệt vời'),
(4, 4, 'Nguyễn Văn A', 'nguyenvana@gmail.com', '2018-12-12 20:59:56', 'Đây thực sự là một sản phẩm tuyệt vời'),
(5, 5, 'Nguyễn Văn A', 'nguyenvana@gmail.com', '2018-12-12 20:59:56', 'Đây thực sự là một sản phẩm tuyệt vời'),
(6, 6, 'Nguyễn Văn A', 'nguyenvana@gmail.com', '2018-12-12 20:59:56', 'Đây thực sự là một sản phẩm tuyệt vời'),
(7, 7, 'Nguyễn Văn A', 'nguyenvana@gmail.com', '2018-12-12 20:59:56', 'Đây thực sự là một sản phẩm tuyệt vời'),
(8, 8, 'Nguyễn Văn A', 'nguyenvana@gmail.com', '2018-12-12 20:59:56', 'Đây thực sự là một sản phẩm tuyệt vời'),
(9, 9, 'Nguyễn Văn A', 'nguyenvana@gmail.com', '2018-12-12 20:59:56', 'Đây thực sự là một sản phẩm tuyệt vời'),
(10, 10, 'Nguyễn Văn A', 'nguyenvana@gmail.com', '2018-12-12 20:59:56', 'Đây thực sự là một sản phẩm tuyệt vời'),
(11, 11, 'Nguyễn Văn A', 'nguyenvana@gmail.com', '2018-12-12 20:59:56', 'Đây thực sự là một sản phẩm tuyệt vời'),
(12, 12, 'Nguyễn Văn A', 'nguyenvana@gmail.com', '2018-12-12 20:59:56', 'Đây thực sự là một sản phẩm tuyệt vời'),
(13, 13, 'Nguyễn Văn A', 'nguyenvana@gmail.com', '2018-12-12 20:59:56', 'Đây thực sự là một sản phẩm tuyệt vời'),
(14, 14, 'Nguyễn Văn A', 'nguyenvana@gmail.com', '2018-12-12 20:59:56', 'Đây thực sự là một sản phẩm tuyệt vời'),
(15, 15, 'Nguyễn Văn A', 'nguyenvana@gmail.com', '2018-12-12 20:59:56', 'Đây thực sự là một sản phẩm tuyệt vời'),
(16, 16, 'Nguyễn Văn A', 'nguyenvana@gmail.com', '2018-12-12 20:59:56', 'Đây thực sự là một sản phẩm tuyệt vời'),
(17, 17, 'Nguyễn Văn A', 'nguyenvana@gmail.com', '2018-12-12 20:59:56', 'Đây thực sự là một sản phẩm tuyệt vời'),
(18, 18, 'Nguyễn Văn A', 'nguyenvana@gmail.com', '2018-12-12 20:59:56', 'Đây thực sự là một sản phẩm tuyệt vời'),
(19, 19, 'Nguyễn Văn A', 'nguyenvana@gmail.com', '2018-12-12 20:59:56', 'Đây thực sự là một sản phẩm tuyệt vời'),
(20, 20, 'Nguyễn Văn A', 'nguyenvana@gmail.com', '2018-12-12 20:59:56', 'Đây thực sự là một sản phẩm tuyệt vời'),
(21, 21, 'Nguyễn Văn A', 'nguyenvana@gmail.com', '2018-12-12 20:59:56', 'Đây thực sự là một sản phẩm tuyệt vời'),
(22, 22, 'Nguyễn Văn A', 'nguyenvana@gmail.com', '2018-12-12 20:59:56', 'Đây thực sự là một sản phẩm tuyệt vời'),
(23, 23, 'Nguyễn Văn A', 'nguyenvana@gmail.com', '2018-12-12 20:59:56', 'Đây thực sự là một sản phẩm tuyệt vời'),
(24, 24, 'Nguyễn Văn A', 'nguyenvana@gmail.com', '2018-12-12 20:59:56', 'Đây thực sự là một sản phẩm tuyệt vời'),
(25, 25, 'Nguyễn Văn A', 'nguyenvana@gmail.com', '2018-12-12 20:59:56', 'Đây thực sự là một sản phẩm tuyệt vời'),
(26, 26, 'Nguyễn Văn A', 'nguyenvana@gmail.com', '2018-12-12 20:59:56', 'Đây thực sự là một sản phẩm tuyệt vời'),
(27, 27, 'Nguyễn Văn A', 'nguyenvana@gmail.com', '2018-12-12 20:59:56', 'Đây thực sự là một sản phẩm tuyệt vời');

-- --------------------------------------------------------

--
-- Cấu trúc bảng cho bảng `users`
--

CREATE TABLE `users` (
  `users_id` int(11) NOT NULL,
  `user_full` varchar(255) NOT NULL,
  `user_mail` varchar(255) NOT NULL,
  `user_pass` varchar(255) NOT NULL,
  `user_level` int(1) NOT NULL
) ;

--
-- Đang đổ dữ liệu cho bảng `user`
--

INSERT INTO `users` (`users_id`, `user_full`, `user_mail`, `user_pass`, `user_level`) VALUES
(1, 'Administrator', 'admin@gmail.com', '123456', 1),
(2, 'Nguyễn Van A', 'nguyenvana@gmail.com', '123456', 2),
(3, 'Nguyễn Van B', 'nguyenvanb@gmail.com', '123456', 2),
(4, 'Nguyễn Van C', 'nguyenvanc@gmail.com', '123456', 2),
(5, 'Nguyễn Van D', 'nguyenvand@gmail.com', '123456', 2);


CREATE TABLE IF NOT EXISTS `customers` (

  `cus_id` int(11) NOT NULL AUTO_INCREMENT,

  `cus_name` varchar(50) COLLATE utf8_unicode_ci NOT NULL,

  `cus_email` varchar(50) COLLATE utf8_unicode_ci NOT NULL,

  `cus_phone` varchar(15) COLLATE utf8_unicode_ci NOT NULL,

  `cus_address` varchar(128) COLLATE utf8_unicode_ci NOT NULL,

  `cus_password` varchar(40) COLLATE utf8_unicode_ci NOT NULL,

  `created` int(11) NOT NULL,

  PRIMARY KEY (`cus_id`)

) ENGINE=MyISAM  DEFAULT CHARSET=utf8 COLLATE=utf8_unicode_ci AUTO_INCREMENT=19 ;

--
-- Chỉ mục cho các bảng đã đổ
--

--
-- Chỉ mục cho bảng `category`
--
ALTER TABLE `category`
  ADD PRIMARY KEY (`cat_id`),
  ADD UNIQUE KEY `cat_name` (`cat_name`);

--
-- Chỉ mục cho bảng `comment`
--
ALTER TABLE `comments`
  ADD PRIMARY KEY (`comm_id`);

--
-- Chỉ mục cho bảng `product`
--
ALTER TABLE `product`
  ADD PRIMARY KEY (`prd_id`);

--
-- Chỉ mục cho bảng `user`
--
ALTER TABLE `users`
  ADD PRIMARY KEY (`users_id`),
  ADD UNIQUE KEY `user_mail` (`user_mail`);

--
-- AUTO_INCREMENT cho các bảng đã đổ
--

--
-- AUTO_INCREMENT cho bảng `category`
--
ALTER TABLE `category`
  MODIFY `cat_id` int(11) NOT NULL AUTO_INCREMENT;

--
-- AUTO_INCREMENT cho bảng `comments`
--
ALTER TABLE `comments`
  MODIFY `comm_id` int(11) NOT NULL AUTO_INCREMENT;

--
-- AUTO_INCREMENT cho bảng `product`
--
ALTER TABLE `product`
  MODIFY `prd_id` int(11) NOT NULL AUTO_INCREMENT;

--
-- AUTO_INCREMENT cho bảng `users`
--
ALTER TABLE `users`
  MODIFY `users_id` int(11) NOT NULL AUTO_INCREMENT;
COMMIT;

/*!40101 SET CHARACTER_SET_CLIENT=@OLD_CHARACTER_SET_CLIENT */;
/*!40101 SET CHARACTER_SET_RESULTS=@OLD_CHARACTER_SET_RESULTS */;
/*!40101 SET COLLATION_CONNECTION=@OLD_COLLATION_CONNECTION */;

ALTER TABLE `product`
	ADD CONSTRAINT FK_CateProduct FOREIGN KEY(cat_id) REFERENCES  category(cat_id);
	

--
-- Cấu trúc bảng cho bảng `Orders`
--
CREATE TABLE `Orders` (
    `order_id` int(11) NOT NULL AUTO_INCREMENT,
    `OrderNumber` int(11) NOT NULL,
	`user_name` varchar(50) CHARACTER SET utf8 COLLATE utf8_unicode_ci NOT NULL,
	`user_email` varchar(50) COLLATE utf8_bin NOT NULL,
	`user_phone` varchar(20) COLLATE utf8_bin NOT NULL,
	`status` tinyint(4) NOT NULL DEFAULT '0',
	`amount` decimal(15,4) NOT NULL DEFAULT '0.0000',
	`created` int(11) NOT NULL DEFAULT '0',
    PRIMARY KEY (`order_id`)
);
--
-- Cấu trúc bảng cho bảng `OrderDetail`
--
CREATE TABLE IF NOT EXISTS `OrderDetail` (
  `id` int(11) NOT NULL AUTO_INCREMENT,
  `order_id` int(11) NOT NULL,
  `prd_id` int(11) NOT NULL,
  `qty` int(11) NOT NULL DEFAULT '0',
  `price` decimal(15,4) NOT NULL DEFAULT '0.0000',
  PRIMARY KEY (`id`),
  CONSTRAINT FK_Detail_Order FOREIGN KEY (`order_id`) REFERENCES Orders(`order_id`),
  CONSTRAINT FK_Detail_Product FOREIGN KEY (`prd_id`) REFERENCES product(`prd_id`)

) ENGINE=MyISAM  DEFAULT CHARSET=utf8 COLLATE=utf8_bin AUTO_INCREMENT=6 ;



--
-- Cấu trúc bảng cho bảng `settings`
--

CREATE TABLE `settings` (
  `s_id` int(11) NOT NULL,
  `s_lable` varchar(255) NOT NULL,
  `s_value` varchar(255) NOT NULL,
  PRIMARY KEY(`s_id`)
) ;

--
-- Thêm dữ liệu vào `settings`
--

INSERT INTO `settings` VALUES
(1, 'email', 'admin@gmail.com'),
(2,	'address1','Ha Noi'),
(3, 'address2','Yen So, Hoang Mai, Ha Noi'),
(4, 'phone', '0395954444');